{
	"shopify":{
		"monthly":{
			"basic": {
				"plan_name":"basic",
				"plan_description":"Manage up to 1000 Products,Manage up to 500 Customers,Manage up to 500 Orders",
				"plan_price":"19",
				"price_total":"19",
				"allowed_products":"1000",
				"allowed_customers":"500",
				"allowed_orders":"500"
			},
			"plus":{
				"plan_name":"plus",
				"plan_description":"Manage up to 2500 Products,Manage up to 1500 Customers,Manage up to 1500 Orders",
				"plan_price":"29",
				"price_total":"29",
				"allowed_products":"2500",
				"allowed_customers":"1500",
				"allowed_orders":"1500"
			},
			"pro":{
				"plan_name":"pro",
				"plan_description":"Manage up to 5000 Products,Manage up to 3000 Customers,Manage up to 3000 Orders",
				"plan_price":"49",
				"price_total":"49",
				"allowed_products":"5000",
				"allowed_customers":"3000",
				"allowed_orders":"3000"
			},
			"advanced":{
				"plan_name":"advanced",
				"plan_description":"Manage up to 10000 Products,Manage up to 10000 Customers,Manage up to 5000 Orders",
				"plan_price":"79",
				"price_total":"79",
				"allowed_products":"10000",
				"allowed_customers":"10000",
				"allowed_orders":"5000"
			}
		},
		"yearly":{
			"basic":{
				"plan_name":"basic",
				"plan_description":"Manage up to 1000 Products,Manage up to 500 Customers,Manage up to 500 Orders",
				"plan_price":"17",
				"price_total":"204",
				"allowed_products":"1000",
				"allowed_customers":"500",
				"allowed_orders":"500"
			},
			"plus":{
				"plan_name":"plus",
				"plan_description":"Manage up to 2500 Products,Manage up to 1500 Customers,Manage up to 1500 Orders",
				"plan_price":"26",
				"price_total":"312",
				"allowed_products":"2500",
				"allowed_customers":"1500",
				"allowed_orders":"1500"
			},
			"pro":{
				"plan_name":"pro",
				"plan_description":"Manage up to 5000 Products,Manage up to 3000 Customers,Manage up to 3000 Orders",
				"plan_price":"45",
				"price_total":"540",
				"allowed_products":"5000",
				"allowed_customers":"3000",
				"allowed_orders":"3000"
			},
			"advanced":{
				"plan_name":"advanced",
				"plan_description":"Manage up to 10000 Products,Manage up to 10000 Customers,Manage up to 5000 Orders",
				"plan_price":"75",
				"price_total":"900",
				"allowed_products":"10000",
				"allowed_customers":"10000",
				"allowed_orders":"5000"
			}
		}
	},
	"ecart-shopify":{
        "onetime":{
            "BASIC": {
                "plan_name":"basic",
                "plan_description":"Manage up to 500 Products,Manage up to 500 Customers,Manage up to 500 Orders",
                "plan_price":"29",
                "price_total":"29",
                "allowed_products":"500",
                "allowed_customers":"500",
                "allowed_orders":"500"
            },
            "PLUS": {
                "plan_name":"plus",
                "plan_description":"Manage up to 2500 Products,Manage up to 2500 Customers,Manage up to 2500 Orders",
                "plan_price":"79",
                "price_total":"79",
                "allowed_products":"2500",
                "allowed_customers":"2500",
                "allowed_orders":"2500"
            },
            "PRO": {
                "plan_name":"pro",
                "plan_description":"Manage up to 10000 Products,Manage up to 10000 Customers,Manage up to 10000 Orders",
                "plan_price":"299",
                "price_total":"299",
                "allowed_products":"10000",
                "allowed_customers":"10000",
                "allowed_orders":"10000"
            },
            "ADVANCED": {
                "plan_name":"advanced",
                "plan_description":"Manage up to 10000+ Products,Manage up to 10000+ Customers,Manage up to 10000+ Orders",
                "plan_price":"Contact US",
                "price_total":"Contact US",
                "allowed_products":"Unlimited",
                "allowed_customers":"Unlimited",
                "allowed_orders":"Unlimited"
            }
        }
    },
    "ecart-bigcommerce":{
        "onetime":{
            "BASIC": {
                "plan_name":"basic",
                "plan_description":"Manage up to 500 Products,Manage up to 500 Customers,Manage up to 500 Orders",
                "plan_price":"29",
                "price_total":"29",
                "allowed_products":"500",
                "allowed_customers":"500",
                "allowed_orders":"500"
            },
            "PLUS": {
                "plan_name":"plus",
                "plan_description":"Manage up to 2500 Products,Manage up to 2500 Customers,Manage up to 2500 Orders",
                "plan_price":"79",
                "price_total":"79",
                "allowed_products":"2500",
                "allowed_customers":"2500",
                "allowed_orders":"2500"
            },
            "PRO": {
                "plan_name":"pro",
                "plan_description":"Manage up to 10000 Products,Manage up to 10000 Customers,Manage up to 10000 Orders",
                "plan_price":"299",
                "price_total":"299",
                "allowed_products":"10000",
                "allowed_customers":"10000",
                "allowed_orders":"10000"
            },
            "ADVANCED": {
                "plan_name":"advanced",
                "plan_description":"Manage up to 10000+ Products,Manage up to 10000+ Customers,Manage up to 10000+ Orders",
                "plan_price":"Contact US",
                "price_total":"Contact US",
                "allowed_products":"Unlimited",
                "allowed_customers":"Unlimited",
                "allowed_orders":"Unlimited"
            }
        }
    },
    "ecart-magento2":{
        "onetime":{
            "BASIC": {
                "plan_name":"basic",
                "plan_description":"Manage up to 500 Products,Manage up to 500 Customers,Manage up to 500 Orders",
                "plan_price":"29",
                "price_total":"29",
                "allowed_products":"500",
                "allowed_customers":"500",
                "allowed_orders":"500"
            },
            "PLUS": {
                "plan_name":"plus",
                "plan_description":"Manage up to 2500 Products,Manage up to 2500 Customers,Manage up to 2500 Orders",
                "plan_price":"79",
                "price_total":"79",
                "allowed_products":"2500",
                "allowed_customers":"2500",
                "allowed_orders":"2500"
            },
            "PRO": {
                "plan_name":"pro",
                "plan_description":"Manage up to 10000 Products,Manage up to 10000 Customers,Manage up to 10000 Orders",
                "plan_price":"299",
                "price_total":"299",
                "allowed_products":"10000",
                "allowed_customers":"10000",
                "allowed_orders":"10000"
            },
            "ADVANCED": {
                "plan_name":"advanced",
                "plan_description":"Manage up to 10000+ Products,Manage up to 10000+ Customers,Manage up to 10000+ Orders",
                "plan_price":"Contact US",
                "price_total":"Contact US",
                "allowed_products":"Unlimited",
                "allowed_customers":"Unlimited",
                "allowed_orders":"Unlimited"
            }
        }
    },
    "ecart-prestashop":{
        "onetime":{
            "BASIC": {
                "plan_name":"basic",
                "plan_description":"Manage up to 500 Products,Manage up to 500 Customers,Manage up to 500 Orders",
                "plan_price":"29",
                "price_total":"29",
                "allowed_products":"500",
                "allowed_customers":"500",
                "allowed_orders":"500"
            },
            "PLUS": {
                "plan_name":"plus",
                "plan_description":"Manage up to 2500 Products,Manage up to 2500 Customers,Manage up to 2500 Orders",
                "plan_price":"79",
                "price_total":"79",
                "allowed_products":"2500",
                "allowed_customers":"2500",
                "allowed_orders":"2500"
            },
            "PRO": {
                "plan_name":"pro",
                "plan_description":"Manage up to 10000 Products,Manage up to 10000 Customers,Manage up to 10000 Orders",
                "plan_price":"299",
                "price_total":"299",
                "allowed_products":"10000",
                "allowed_customers":"10000",
                "allowed_orders":"10000"
            },
            "ADVANCED": {
                "plan_name":"advanced",
                "plan_description":"Manage up to 10000+ Products,Manage up to 10000+ Customers,Manage up to 10000+ Orders",
                "plan_price":"Contact US",
                "price_total":"Contact US",
                "allowed_products":"Unlimited",
                "allowed_customers":"Unlimited",
                "allowed_orders":"Unlimited"
            }
        }
    }
}